global_step,epoch,loss_total,loss_student_ce,loss_teacher_ce,loss_align
0,0,inf,2.4740097522735596,2.4328296184539795,inf
0,0,5.886102676391602,2.8829288482666016,2.9886398315429688,0.014533976092934608
0,0,5.4811224937438965,2.617783546447754,2.7378158569335938,0.12552319467067719
0,0,5.538476943969727,2.7608630657196045,2.7671401500701904,0.010473613627254963
0,0,4.293747425079346,2.070047378540039,2.20241379737854,0.021286288276314735
0,0,5.629846096038818,2.8317506313323975,2.7887141704559326,0.00938112847507
