global_step,epoch,loss_total,loss_student_ce,loss_align
0,0,0.667075514793396,0.547446608543396,0.11962890625
0,0,1.2001270055770874,1.1039355993270874,0.09619140625
0,0,1.9112437963485718,1.7916148900985718,0.11962890625
0,0,0.6094264388084412,0.5747584700584412,0.03466796875
0,0,0.7038426399230957,0.6345067024230957,0.0693359375
0,0,0.7258023023605347,0.6486538648605347,0.0771484375
