global_step,epoch,loss_teacher_ce
0,0,2.9551572799682617
0,0,3.2535524368286133
0,0,3.0597472190856934
0,0,3.723507881164551
0,0,3.527254104614258
0,0,3.13972544670105
0,0,3.619936227798462
0,0,3.4752275943756104
0,0,3.231926679611206
0,0,3.7789769172668457
0,0,3.137678623199463
0,0,3.591026544570923
0,0,3.8477725982666016
0,0,2.7595231533050537
0,0,1.994930386543274
0,0,3.9915194511413574
1,0.1839080459770115,2.472412109375
1,0.1839080459770115,3.689530372619629
