global_step,epoch,loss_total,loss_student_ce,loss_teacher_ce,loss_align
0,0,4.986911296844482,2.478869915008545,2.4328296184539795,0.07521183788776398
1,0.0002623983206507478,6.1369123458862305,3.0345678329467773,2.9886398315429688,0.11370474845170975
2,0.0005247966413014956,5.505816459655762,2.647733688354492,2.7348580360412598,0.12322457879781723
3,0.0007871949619522435,5.598092079162598,2.7137138843536377,2.7641944885253906,0.12018389254808426
