global_step,epoch,loss_teacher_ce
0,0,2.9551572799682617
0,0,3.2535524368286133
0,0,3.0597472190856934
0,0,3.723507881164551
0,0,3.527254104614258
0,0,3.13972544670105
0,0,3.619936227798462
0,0,3.4752275943756104
1,0.09195402298850575,3.231926679611206
1,0.09195402298850575,3.7789769172668457
