global_step,epoch,loss_total,loss_student_ce,loss_teacher_ce,loss_align
0,0,5.959805488586426,2.4740097522735596,2.4328296184539795,1.0529662370681763
1,0.0002623983206507478,6.505832672119141,2.8829288482666016,2.9886398315429688,0.6342640519142151
