global_step,epoch,loss_total,loss_student_ce,loss_teacher_ce,loss_align
0,0,-inf,2.4740097522735596,2.4328296184539795,-inf
0,0,5.39235258102417,2.8829288482666016,2.9886398315429688,-0.4792160987854004
