global_step,epoch,loss_teacher_ce
0,0,2.9551572799682617
0,0,3.2535524368286133
0,0,3.0597472190856934
0,0,3.723507881164551
0,0,3.527254104614258
0,0,3.13972544670105
