global_step,epoch,loss_total,loss_student_ce,loss_teacher_ce,loss_align
0,0,4.986911296844482,2.478869915008545,2.4328296184539795,0.07521183788776398
1,0.0002623983206507478,6.1369123458862305,3.0345678329467773,2.9886398315429688,0.11370474845170975
2,0.0005247966413014956,5.5621113777160645,2.6993439197540283,2.737381935119629,0.1253855675458908
3,0.0007871949619522435,5.70220947265625,2.828582763671875,2.764129400253296,0.10949712246656418
